{
    "response_times": [
        5.395198345184326,
        8.841984033584595,
        9.239111185073853,
        6.557265758514404,
        6.383187532424927,
        6.910378932952881,
        7.688117027282715,
        2.2779181003570557,
        8.249716758728027,
        9.146589279174805,
        11.340972900390625,
        70.7297592163086,
        59.8213849067688,
        33.497698068618774,
        82.08253645896912,
        46.97001600265503,
        50.28469800949097,
        55.85614037513733,
        57.545504331588745,
        107.41518568992615
    ],
    "compression_ratios": [
        1.0298507462686568,
        1.0,
        2.510169491525424,
        0.9841269841269841,
        1.0416666666666667,
        1.0256410256410255,
        1.0,
        1.126984126984127,
        1.376068376068376,
        1.7183195592286502,
        2.0359138068635274,
        1.0298507462686568,
        1.0,
        2.510169491525424,
        0.9841269841269841,
        1.0416666666666667,
        1.0256410256410255,
        1.0,
        1.126984126984127,
        1.376068376068376,
        1.7183195592286502,
        2.0359138068635274,
        1.0298507462686568,
        1.0,
        2.510169491525424,
        0.9841269841269841,
        1.0416666666666667,
        1.0256410256410255,
        1.0,
        1.126984126984127,
        1.376068376068376,
        1.7183195592286502,
        2.0359138068635274,
        1.0298507462686568,
        1.0,
        2.510169491525424,
        0.9841269841269841,
        1.0416666666666667,
        1.0256410256410255,
        1.0,
        1.126984126984127,
        1.376068376068376,
        1.7183195592286502,
        2.0359138068635274,
        1.126984126984127,
        1.109375,
        1.1568627450980393,
        1.375,
        1.9665809768637532,
        3.2655367231638417,
        1.9172984148862853,
        1.0298507462686568,
        1.0,
        2.510169491525424,
        0.9841269841269841,
        1.0416666666666667,
        1.0256410256410255,
        1.0,
        1.126984126984127,
        1.376068376068376,
        1.7183195592286502,
        2.0359138068635274,
        1.126984126984127,
        1.109375,
        1.1568627450980393,
        1.375,
        1.9665809768637532,
        3.2655367231638417,
        1.9172984148862853,
        1.0298507462686568,
        1.0,
        2.510169491525424,
        0.9841269841269841,
        1.0416666666666667,
        1.0256410256410255,
        1.0,
        1.126984126984127,
        1.376068376068376,
        1.7183195592286502,
        2.0359138068635274,
        1.126984126984127,
        1.109375,
        1.1568627450980393,
        1.375,
        1.9665809768637532,
        3.2655367231638417,
        1.9172984148862853,
        1.0298507462686568,
        1.0,
        2.510169491525424,
        0.9841269841269841,
        1.0416666666666667,
        1.0256410256410255,
        1.0,
        1.126984126984127,
        1.376068376068376,
        1.7183195592286502,
        2.0359138068635274,
        1.126984126984127,
        1.109375,
        1.1568627450980393,
        1.375,
        1.9665809768637532,
        3.2655367231638417,
        1.9172984148862853,
        1.0298507462686568,
        1.0,
        2.510169491525424,
        0.9841269841269841,
        1.0416666666666667,
        1.0256410256410255,
        1.0,
        1.126984126984127,
        1.376068376068376,
        1.7183195592286502,
        2.0359138068635274,
        1.126984126984127,
        1.109375,
        1.1568627450980393,
        1.375,
        1.9665809768637532,
        3.2655367231638417,
        1.9172984148862853,
        1.0298507462686568,
        1.0,
        2.510169491525424,
        0.9841269841269841,
        1.0416666666666667,
        1.0256410256410255,
        1.0,
        1.126984126984127,
        1.376068376068376,
        1.7183195592286502,
        2.0359138068635274,
        1.126984126984127,
        1.109375,
        1.1568627450980393,
        1.375,
        1.9665809768637532,
        3.2655367231638417,
        1.9172984148862853,
        0.987012987012987,
        1.36,
        1.6982758620689655,
        1.6451612903225807,
        1.105263157894737,
        1.3385127635960044,
        1.1403508771929824,
        1.0,
        3.02258064516129
    ],
    "memory_usage": [
        {
            "turn": 0,
            "hot": 182,
            "warm": 0,
            "cold": 0,
            "total": 182
        },
        {
            "turn": 1,
            "hot": 547,
            "warm": 0,
            "cold": 0,
            "total": 547
        },
        {
            "turn": 2,
            "hot": 964,
            "warm": 0,
            "cold": 0,
            "total": 964
        },
        {
            "turn": 3,
            "hot": 1279,
            "warm": 0,
            "cold": 0,
            "total": 1279
        },
        {
            "turn": 4,
            "hot": 1597,
            "warm": 0,
            "cold": 0,
            "total": 1597
        },
        {
            "turn": 5,
            "hot": 1966,
            "warm": 0,
            "cold": 0,
            "total": 1966
        },
        {
            "turn": 6,
            "hot": 2238,
            "warm": 0,
            "cold": 0,
            "total": 2238
        },
        {
            "turn": 7,
            "hot": 2318,
            "warm": 0,
            "cold": 0,
            "total": 2318
        },
        {
            "turn": 8,
            "hot": 2691,
            "warm": 0,
            "cold": 0,
            "total": 2691
        },
        {
            "turn": 9,
            "hot": 3006,
            "warm": 0,
            "cold": 0,
            "total": 3006
        },
        {
            "turn": 10,
            "hot": 3363,
            "warm": 0,
            "cold": 0,
            "total": 3363
        },
        {
            "turn": 11,
            "hot": 2581,
            "warm": 627,
            "cold": 0,
            "total": 3208
        },
        {
            "turn": 12,
            "hot": 2944,
            "warm": 627,
            "cold": 0,
            "total": 3571
        },
        {
            "turn": 13,
            "hot": 3208,
            "warm": 627,
            "cold": 0,
            "total": 3835
        },
        {
            "turn": 14,
            "hot": 2471,
            "warm": 1149,
            "cold": 0,
            "total": 3620
        },
        {
            "turn": 15,
            "hot": 2560,
            "warm": 1149,
            "cold": 0,
            "total": 3709
        },
        {
            "turn": 16,
            "hot": 2632,
            "warm": 1149,
            "cold": 0,
            "total": 3781
        },
        {
            "turn": 17,
            "hot": 3060,
            "warm": 1149,
            "cold": 0,
            "total": 4209
        },
        {
            "turn": 18,
            "hot": 3388,
            "warm": 1149,
            "cold": 0,
            "total": 4537
        },
        {
            "turn": 19,
            "hot": 2535,
            "warm": 1858,
            "cold": 0,
            "total": 4393
        }
    ],
    "retrieval_count": [],
    "relevance_scores": [],
    "compression_times": [],
    "decompression_times": [],
    "tier_transitions": {
        "hot_to_warm": 27,
        "warm_to_cold": 0,
        "cold_to_evict": 0
    },
    "tier_sizes_over_time": {
        "hot": [
            182,
            547,
            964,
            1279,
            1597,
            1966,
            2238,
            2318,
            2691,
            3006,
            3363,
            2581,
            2944,
            3208,
            2471,
            2560,
            2632,
            3060,
            3388,
            2535
        ],